Country,Code,Year,Value,ValuePrev
Austria,AUT,1971,0.544,0.549
Austria,AUT,1972,0.543,0.544
Austria,AUT,1973,0.545,0.543
Austria,AUT,1974,0.596,0.545
Austria,AUT,1975,0.566,0.596
Austria,AUT,1976,0.599,0.566
Austria,AUT,1977,0.603,0.599
Austria,AUT,1978,0.597,0.603
Austria,AUT,1979,0.633,0.597
Austria,AUT,1980,0.668,0.633
Austria,AUT,1981,0.684,0.668
Austria,AUT,1982,0.641,0.684
Austria,AUT,1983,0.625,0.641
Austria,AUT,1984,0.666,0.625
Austria,AUT,1985,0.701,0.666
Austria,AUT,1986,0.64,0.701
Austria,AUT,1987,0.629,0.64
Austria,AUT,1988,0.666,0.629
Austria,AUT,1989,0.705,0.666
Austria,AUT,1990,0.715,0.705
Austria,AUT,1991,0.7,0.715
Austria,AUT,1992,0.676,0.7
Austria,AUT,1993,0.633,0.676
Austria,AUT,1994,0.66,0.633
Austria,AUT,1995,0.683,0.66
Austria,AUT,1996,0.701,0.683
Austria,AUT,1997,0.749,0.701
Austria,AUT,1998,0.769,0.749
Austria,AUT,1999,0.783,0.769
Austria,AUT,2000,0.854,0.783
Austria,AUT,2001,0.875,0.854
Austria,AUT,2002,0.869,0.875
Austria,AUT,2003,0.864,0.869
Austria,AUT,2004,0.908,0.864
Austria,AUT,2005,0.94,0.908
Austria,AUT,2006,0.981,0.94
Austria,AUT,2007,1.007,0.981
Austria,AUT,2008,1.021,1.007
Austria,AUT,2009,0.871,1.021
Austria,AUT,2010,0.99,0.871
Austria,AUT,2011,1.051,0.99
Austria,AUT,2012,1.052,1.051
Austria,AUT,2013,1.041,1.052
Austria,AUT,2014,1.035,1.041
Austria,AUT,2015,1.024,1.035
Austria,AUT,2016,1.01,1.024
Austria,AUT,2017,1.049,1.01
Austria,AUT,2018,1.079,1.049
Austria,AUT,2019,1.079,1.079
Austria,AUT,2020,1.002,1.079
Austria,AUT,2021,1.112,1.002
Belgium,BEL,1971,0.856,0.877
Belgium,BEL,1972,0.852,0.856
Belgium,BEL,1973,0.941,0.852
Belgium,BEL,1974,1.053,0.941
Belgium,BEL,1975,0.915,1.053
Belgium,BEL,1976,0.968,0.915
Belgium,BEL,1977,0.957,0.968
Belgium,BEL,1978,0.923,0.957
Belgium,BEL,1979,1.016,0.923
Belgium,BEL,1980,1.031,1.016
Belgium,BEL,1981,1.102,1.031
Belgium,BEL,1982,1.179,1.102
Belgium,BEL,1983,1.204,1.179
Belgium,BEL,1984,1.282,1.204
Belgium,BEL,1985,1.239,1.282
Belgium,BEL,1986,1.123,1.239
Belgium,BEL,1987,1.099,1.123
Belgium,BEL,1988,1.164,1.099
Belgium,BEL,1989,1.249,1.164
Belgium,BEL,1990,1.215,1.249
Belgium,BEL,1991,1.186,1.215
Belgium,BEL,1992,1.151,1.186
Belgium,BEL,1993,1.09,1.151
Belgium,BEL,1994,1.132,1.09
Belgium,BEL,1995,1.164,1.132
Belgium,BEL,1996,1.192,1.164
Belgium,BEL,1997,1.257,1.192
Belgium,BEL,1998,1.247,1.257
Belgium,BEL,1999,1.252,1.247
Belgium,BEL,2000,1.422,1.252
Belgium,BEL,2001,1.396,1.422
Belgium,BEL,2002,1.361,1.396
Belgium,BEL,2003,1.327,1.361
Belgium,BEL,2004,1.369,1.327
Belgium,BEL,2005,1.445,1.369
Belgium,BEL,2006,1.496,1.445
Belgium,BEL,2007,1.525,1.496
Belgium,BEL,2008,1.611,1.525
Belgium,BEL,2009,1.354,1.611
Belgium,BEL,2010,1.5,1.354
Belgium,BEL,2011,1.615,1.5
Belgium,BEL,2012,1.607,1.615
Belgium,BEL,2013,1.579,1.607
Belgium,BEL,2014,1.588,1.579
Belgium,BEL,2015,1.542,1.588
Belgium,BEL,2016,1.577,1.542
Belgium,BEL,2017,1.653,1.577
Belgium,BEL,2018,1.665,1.653
Belgium,BEL,2019,1.642,1.665
Belgium,BEL,2020,1.572,1.642
Belgium,BEL,2021,1.727,1.572
Bulgaria,BGR,1981,0.702,0.664
Bulgaria,BGR,1982,0.675,0.702
Bulgaria,BGR,1983,0.741,0.675
Bulgaria,BGR,1984,0.784,0.741
Bulgaria,BGR,1985,0.86,0.784
Bulgaria,BGR,1986,0.835,0.86
Bulgaria,BGR,1987,0.834,0.835
Bulgaria,BGR,1988,0.915,0.834
Bulgaria,BGR,1989,0.946,0.915
Bulgaria,BGR,1990,0.698,0.946
Bulgaria,BGR,1991,0.827,0.698
Bulgaria,BGR,1992,1,0.827
Bulgaria,BGR,1993,0.84,1
Bulgaria,BGR,1994,0.907,0.84
Bulgaria,BGR,1995,0.553,0.907
Bulgaria,BGR,1996,0.858,0.553
Bulgaria,BGR,1997,0.865,0.858
Bulgaria,BGR,1998,0.77,0.865
Bulgaria,BGR,1999,0.901,0.77
Bulgaria,BGR,2000,0.777,0.901
Bulgaria,BGR,2001,0.791,0.777
Bulgaria,BGR,2002,0.753,0.791
Bulgaria,BGR,2003,0.79,0.753
Bulgaria,BGR,2004,0.931,0.79
Bulgaria,BGR,2005,0.997,0.931
Bulgaria,BGR,2006,1.11,0.997
Bulgaria,BGR,2007,1.235,1.11
Bulgaria,BGR,2008,1.247,1.235
Bulgaria,BGR,2009,0.927,1.247
Bulgaria,BGR,2010,1.034,0.927
Bulgaria,BGR,2011,1.175,1.034
Bulgaria,BGR,2012,1.24,1.175
Bulgaria,BGR,2013,1.297,1.24
Bulgaria,BGR,2014,1.303,1.297
Bulgaria,BGR,2015,1.267,1.303
Bulgaria,BGR,2016,1.228,1.267
Bulgaria,BGR,2017,1.297,1.228
Bulgaria,BGR,2018,1.289,1.297
Bulgaria,BGR,2019,1.246,1.289
Bulgaria,BGR,2020,1.103,1.246
Bulgaria,BGR,2021,1.21,1.103
Cyprus,CYP,1976,1.124,0.922
Cyprus,CYP,1977,1.156,1.124
Cyprus,CYP,1978,1.053,1.156
Cyprus,CYP,1979,1.084,1.053
Cyprus,CYP,1980,1.083,1.084
Cyprus,CYP,1981,1.136,1.083
Cyprus,CYP,1982,1.152,1.136
Cyprus,CYP,1983,1.144,1.152
Cyprus,CYP,1984,1.218,1.144
Cyprus,CYP,1985,1.076,1.218
Cyprus,CYP,1986,0.935,1.076
Cyprus,CYP,1987,0.976,0.935
Cyprus,CYP,1988,1.016,0.976
Cyprus,CYP,1989,1.113,1.016
Cyprus,CYP,1990,1.086,1.113
Cyprus,CYP,1991,1.042,1.086
Cyprus,CYP,1992,1.101,1.042
Cyprus,CYP,1993,0.954,1.101
Cyprus,CYP,1994,0.958,0.954
Cyprus,CYP,1995,1.344,0.958
Cyprus,CYP,1996,1.408,1.344
Cyprus,CYP,1997,1.398,1.408
Cyprus,CYP,1998,1.349,1.398
Cyprus,CYP,1999,1.312,1.349
Cyprus,CYP,2000,1.375,1.312
Cyprus,CYP,2001,1.318,1.375
Cyprus,CYP,2002,1.236,1.318
Cyprus,CYP,2003,1.14,1.236
Cyprus,CYP,2004,1.139,1.14
Cyprus,CYP,2005,1.119,1.139
Cyprus,CYP,2006,1.098,1.119
Cyprus,CYP,2007,1.113,1.098
Cyprus,CYP,2008,1.129,1.113
Cyprus,CYP,2009,1.028,1.129
Cyprus,CYP,2010,1.089,1.028
Cyprus,CYP,2011,1.106,1.089
Cyprus,CYP,2012,1.123,1.106
Cyprus,CYP,2013,1.209,1.123
Cyprus,CYP,2014,1.308,1.209
Cyprus,CYP,2015,1.373,1.308
Cyprus,CYP,2016,1.39,1.373
Cyprus,CYP,2017,1.48,1.39
Cyprus,CYP,2018,1.485,1.48
Cyprus,CYP,2019,1.52,1.485
Cyprus,CYP,2020,1.642,1.52
Cyprus,CYP,2021,1.703,1.642
Czechia,CZE,1991,0.713,0.635
Czechia,CZE,1992,0.785,0.713
Czechia,CZE,1993,0.788,0.785
Czechia,CZE,1994,0.753,0.788
Czechia,CZE,1995,0.835,0.753
Czechia,CZE,1996,0.811,0.835
Czechia,CZE,1997,0.846,0.811
Czechia,CZE,1998,0.844,0.846
Czechia,CZE,1999,0.86,0.844
Czechia,CZE,2000,0.98,0.86
Czechia,CZE,2001,0.99,0.98
Czechia,CZE,2002,0.913,0.99
Czechia,CZE,2003,0.95,0.913
Czechia,CZE,2004,1.135,0.95
Czechia,CZE,2005,1.213,1.135
Czechia,CZE,2006,1.27,1.213
Czechia,CZE,2007,1.298,1.27
Czechia,CZE,2008,1.237,1.298
Czechia,CZE,2009,1.128,1.237
Czechia,CZE,2010,1.28,1.128
Czechia,CZE,2011,1.379,1.28
Czechia,CZE,2012,1.465,1.379
Czechia,CZE,2013,1.464,1.465
Czechia,CZE,2014,1.576,1.464
Czechia,CZE,2015,1.552,1.576
Czechia,CZE,2016,1.506,1.552
Czechia,CZE,2017,1.505,1.506
Czechia,CZE,2018,1.479,1.505
Czechia,CZE,2019,1.418,1.479
Czechia,CZE,2020,1.331,1.418
Czechia,CZE,2021,1.425,1.331
Germany,DEU,1971,0.308,0.317
Germany,DEU,1972,0.307,0.308
Germany,DEU,1973,0.317,0.307
Germany,DEU,1974,0.37,0.317
Germany,DEU,1975,0.359,0.37
Germany,DEU,1976,0.384,0.359
Germany,DEU,1977,0.381,0.384
Germany,DEU,1978,0.372,0.381
Germany,DEU,1979,0.392,0.372
Germany,DEU,1980,0.419,0.392
Germany,DEU,1981,0.442,0.419
Germany,DEU,1982,0.444,0.442
Germany,DEU,1983,0.436,0.444
Germany,DEU,1984,0.462,0.436
Germany,DEU,1985,0.479,0.462
Germany,DEU,1986,0.429,0.479
Germany,DEU,1987,0.417,0.429
Germany,DEU,1988,0.425,0.417
Germany,DEU,1989,0.452,0.425
Germany,DEU,1990,0.459,0.452
Germany,DEU,1991,0.478,0.459
Germany,DEU,1992,0.449,0.478
Germany,DEU,1993,0.406,0.449
Germany,DEU,1994,0.421,0.406
Germany,DEU,1995,0.436,0.421
Germany,DEU,1996,0.45,0.436
Germany,DEU,1997,0.496,0.45
Germany,DEU,1998,0.516,0.496
Germany,DEU,1999,0.534,0.516
Germany,DEU,2000,0.615,0.534
Germany,DEU,2001,0.621,0.615
Germany,DEU,2002,0.609,0.621
Germany,DEU,2003,0.618,0.609
Germany,DEU,2004,0.662,0.618
Germany,DEU,2005,0.709,0.662
Germany,DEU,2006,0.774,0.709
Germany,DEU,2007,0.799,0.774
Germany,DEU,2008,0.815,0.799
Germany,DEU,2009,0.712,0.815
Germany,DEU,2010,0.799,0.712
Germany,DEU,2011,0.852,0.799
Germany,DEU,2012,0.865,0.852
Germany,DEU,2013,0.851,0.865
Germany,DEU,2014,0.846,0.851
Germany,DEU,2015,0.862,0.846
Germany,DEU,2016,0.848,0.862
Germany,DEU,2017,0.872,0.848
Germany,DEU,2018,0.885,0.872
Germany,DEU,2019,0.877,0.885
Germany,DEU,2020,0.804,0.877
Germany,DEU,2021,0.887,0.804
Denmark,DNK,1967,0.555,0.577
Denmark,DNK,1968,0.553,0.555
Denmark,DNK,1969,0.555,0.553
Denmark,DNK,1970,0.571,0.555
Denmark,DNK,1971,0.557,0.571
Denmark,DNK,1972,0.532,0.557
Denmark,DNK,1973,0.578,0.532
Denmark,DNK,1974,0.647,0.578
Denmark,DNK,1975,0.597,0.647
Denmark,DNK,1976,0.61,0.597
Denmark,DNK,1977,0.603,0.61
Denmark,DNK,1978,0.571,0.603
Denmark,DNK,1979,0.608,0.571
Denmark,DNK,1980,0.655,0.608
Denmark,DNK,1981,0.707,0.655
Denmark,DNK,1982,0.708,0.707
Denmark,DNK,1983,0.696,0.708
Denmark,DNK,1984,0.709,0.696
Denmark,DNK,1985,0.721,0.709
Denmark,DNK,1986,0.648,0.721
Denmark,DNK,1987,0.614,0.648
Denmark,DNK,1988,0.638,0.614
Denmark,DNK,1989,0.67,0.638
Denmark,DNK,1990,0.673,0.67
Denmark,DNK,1991,0.691,0.673
Denmark,DNK,1992,0.67,0.691
Denmark,DNK,1993,0.656,0.67
Denmark,DNK,1994,0.678,0.656
Denmark,DNK,1995,0.685,0.678
Denmark,DNK,1996,0.685,0.685
Denmark,DNK,1997,0.712,0.685
Denmark,DNK,1998,0.713,0.712
Denmark,DNK,1999,0.727,0.713
Denmark,DNK,2000,0.83,0.727
Denmark,DNK,2001,0.84,0.83
Denmark,DNK,2002,0.846,0.84
Denmark,DNK,2003,0.809,0.846
Denmark,DNK,2004,0.822,0.809
Denmark,DNK,2005,0.894,0.822
Denmark,DNK,2006,0.974,0.894
Denmark,DNK,2007,1.001,0.974
Denmark,DNK,2008,1.048,1.001
Denmark,DNK,2009,0.898,1.048
Denmark,DNK,2010,0.941,0.898
Denmark,DNK,2011,1.012,0.941
Denmark,DNK,2012,1.032,1.012
Denmark,DNK,2013,1.031,1.032
Denmark,DNK,2014,1.023,1.031
Denmark,DNK,2015,1.04,1.023
Denmark,DNK,2016,1.002,1.04
Denmark,DNK,2017,1.03,1.002
Denmark,DNK,2018,1.07,1.03
Denmark,DNK,2019,1.102,1.07
Denmark,DNK,2020,1.035,1.102
Denmark,DNK,2021,1.122,1.035
Spain,ESP,1971,0.259,0.258
Spain,ESP,1972,0.272,0.259
Spain,ESP,1973,0.281,0.272
Spain,ESP,1974,0.317,0.281
Spain,ESP,1975,0.291,0.317
Spain,ESP,1976,0.301,0.291
Spain,ESP,1977,0.292,0.301
Spain,ESP,1978,0.277,0.292
Spain,ESP,1979,0.278,0.277
Spain,ESP,1980,0.316,0.278
Spain,ESP,1981,0.354,0.316
Spain,ESP,1982,0.365,0.354
Spain,ESP,1983,0.398,0.365
Spain,ESP,1984,0.415,0.398
Spain,ESP,1985,0.409,0.415
Spain,ESP,1986,0.353,0.409
Spain,ESP,1987,0.363,0.353
Spain,ESP,1988,0.367,0.363
Spain,ESP,1989,0.374,0.367
Spain,ESP,1990,0.356,0.374
Spain,ESP,1991,0.355,0.356
Spain,ESP,1992,0.36,0.355
Spain,ESP,1993,0.369,0.36
Spain,ESP,1994,0.416,0.369
Spain,ESP,1995,0.448,0.416
Spain,ESP,1996,0.462,0.448
Spain,ESP,1997,0.512,0.462
Spain,ESP,1998,0.527,0.512
Spain,ESP,1999,0.546,0.527
Spain,ESP,2000,0.601,0.546
Spain,ESP,2001,0.58,0.601
Spain,ESP,2002,0.551,0.58
Spain,ESP,2003,0.535,0.551
Spain,ESP,2004,0.545,0.535
Spain,ESP,2005,0.548,0.545
Spain,ESP,2006,0.562,0.548
Spain,ESP,2007,0.577,0.562
Spain,ESP,2008,0.56,0.577
Spain,ESP,2009,0.47,0.56
Spain,ESP,2010,0.529,0.47
Spain,ESP,2011,0.588,0.529
Spain,ESP,2012,0.608,0.588
Spain,ESP,2013,0.62,0.608
Spain,ESP,2014,0.638,0.62
Spain,ESP,2015,0.642,0.638
Spain,ESP,2016,0.637,0.642
Spain,ESP,2017,0.667,0.637
Spain,ESP,2018,0.676,0.667
Spain,ESP,2019,0.669,0.676
Spain,ESP,2020,0.601,0.669
Spain,ESP,2021,0.684,0.601
Estonia,EST,1996,1.33,1.391
Estonia,EST,1997,1.511,1.33
Estonia,EST,1998,1.568,1.511
Estonia,EST,1999,1.441,1.568
Estonia,EST,2000,1.265,1.441
Estonia,EST,2001,1.265,1.265
Estonia,EST,2002,1.233,1.265
Estonia,EST,2003,1.228,1.233
Estonia,EST,2004,1.3,1.228
Estonia,EST,2005,1.359,1.3
Estonia,EST,2006,1.366,1.359
Estonia,EST,2007,1.34,1.366
Estonia,EST,2008,1.367,1.34
Estonia,EST,2009,1.168,1.367
Estonia,EST,2010,1.437,1.168
Estonia,EST,2011,1.674,1.437
Estonia,EST,2012,1.708,1.674
Estonia,EST,2013,1.665,1.708
Estonia,EST,2014,1.602,1.665
Estonia,EST,2015,1.509,1.602
Estonia,EST,2016,1.504,1.509
Estonia,EST,2017,1.476,1.504
Estonia,EST,2018,1.459,1.476
Estonia,EST,2019,1.438,1.459
Estonia,EST,2020,1.385,1.438
Estonia,EST,2021,1.57,1.385
Finland,FIN,1971,0.474,0.494
Finland,FIN,1972,0.478,0.474
Finland,FIN,1973,0.485,0.478
Finland,FIN,1974,0.552,0.485
Finland,FIN,1975,0.503,0.552
Finland,FIN,1976,0.493,0.503
Finland,FIN,1977,0.524,0.493
Finland,FIN,1978,0.526,0.524
Finland,FIN,1979,0.581,0.526
Finland,FIN,1980,0.629,0.581
Finland,FIN,1981,0.616,0.629
Finland,FIN,1982,0.576,0.616
Finland,FIN,1983,0.574,0.576
Finland,FIN,1984,0.566,0.574
Finland,FIN,1985,0.553,0.566
Finland,FIN,1986,0.5,0.553
Finland,FIN,1987,0.495,0.5
Finland,FIN,1988,0.482,0.495
Finland,FIN,1989,0.479,0.482
Finland,FIN,1990,0.458,0.479
Finland,FIN,1991,0.435,0.458
Finland,FIN,1992,0.502,0.435
Finland,FIN,1993,0.582,0.502
Finland,FIN,1994,0.624,0.582
Finland,FIN,1995,0.641,0.624
Finland,FIN,1996,0.657,0.641
Finland,FIN,1997,0.682,0.657
Finland,FIN,1998,0.67,0.682
Finland,FIN,1999,0.662,0.67
Finland,FIN,2000,0.749,0.662
Finland,FIN,2001,0.703,0.749
Finland,FIN,2002,0.693,0.703
Finland,FIN,2003,0.681,0.693
Finland,FIN,2004,0.71,0.681
Finland,FIN,2005,0.766,0.71
Finland,FIN,2006,0.82,0.766
Finland,FIN,2007,0.829,0.82
Finland,FIN,2008,0.862,0.829
Finland,FIN,2009,0.701,0.862
Finland,FIN,2010,0.755,0.701
Finland,FIN,2011,0.786,0.755
Finland,FIN,2012,0.792,0.786
Finland,FIN,2013,0.771,0.792
Finland,FIN,2014,0.741,0.771
Finland,FIN,2015,0.714,0.741
Finland,FIN,2016,0.709,0.714
Finland,FIN,2017,0.751,0.709
Finland,FIN,2018,0.782,0.751
Finland,FIN,2019,0.796,0.782
Finland,FIN,2020,0.716,0.796
Finland,FIN,2021,0.786,0.716
France,FRA,1961,0.267,0.272
France,FRA,1962,0.251,0.267
France,FRA,1963,0.252,0.251
France,FRA,1964,0.26,0.252
France,FRA,1965,0.26,0.26
France,FRA,1966,0.266,0.26
France,FRA,1967,0.266,0.266
France,FRA,1968,0.269,0.266
France,FRA,1969,0.29,0.269
France,FRA,1970,0.314,0.29
France,FRA,1971,0.32,0.314
France,FRA,1972,0.325,0.32
France,FRA,1973,0.344,0.325
France,FRA,1974,0.424,0.344
France,FRA,1975,0.367,0.424
France,FRA,1976,0.396,0.367
France,FRA,1977,0.406,0.396
France,FRA,1978,0.394,0.406
France,FRA,1979,0.41,0.394
France,FRA,1980,0.435,0.41
France,FRA,1981,0.454,0.435
France,FRA,1982,0.453,0.454
France,FRA,1983,0.451,0.453
France,FRA,1984,0.475,0.451
France,FRA,1985,0.47,0.475
France,FRA,1986,0.409,0.47
France,FRA,1987,0.403,0.409
France,FRA,1988,0.414,0.403
France,FRA,1989,0.44,0.414
France,FRA,1990,0.427,0.44
France,FRA,1991,0.43,0.427
France,FRA,1992,0.42,0.43
France,FRA,1993,0.399,0.42
France,FRA,1994,0.418,0.399
France,FRA,1995,0.436,0.418
France,FRA,1996,0.443,0.436
France,FRA,1997,0.48,0.443
France,FRA,1998,0.495,0.48
France,FRA,1999,0.498,0.495
France,FRA,2000,0.559,0.498
France,FRA,2001,0.55,0.559
France,FRA,2002,0.531,0.55
France,FRA,2003,0.508,0.531
France,FRA,2004,0.519,0.508
France,FRA,2005,0.54,0.519
France,FRA,2006,0.561,0.54
France,FRA,2007,0.564,0.561
France,FRA,2008,0.574,0.564
France,FRA,2009,0.505,0.574
France,FRA,2010,0.549,0.505
France,FRA,2011,0.588,0.549
France,FRA,2012,0.597,0.588
France,FRA,2013,0.598,0.597
France,FRA,2014,0.605,0.598
France,FRA,2015,0.618,0.605
France,FRA,2016,0.611,0.618
France,FRA,2017,0.63,0.611
France,FRA,2018,0.644,0.63
France,FRA,2019,0.641,0.644
France,FRA,2020,0.569,0.641
France,FRA,2021,0.608,0.569
Greece,GRC,1961,0.236,0.245
Greece,GRC,1962,0.231,0.236
Greece,GRC,1963,0.243,0.231
Greece,GRC,1964,0.244,0.243
Greece,GRC,1965,0.247,0.244
Greece,GRC,1966,0.25,0.247
Greece,GRC,1967,0.242,0.25
Greece,GRC,1968,0.236,0.242
Greece,GRC,1969,0.233,0.236
Greece,GRC,1970,0.231,0.233
Greece,GRC,1971,0.233,0.231
Greece,GRC,1972,0.253,0.233
Greece,GRC,1973,0.317,0.253
Greece,GRC,1974,0.355,0.317
Greece,GRC,1975,0.353,0.355
Greece,GRC,1976,0.349,0.353
Greece,GRC,1977,0.347,0.349
Greece,GRC,1978,0.331,0.347
Greece,GRC,1979,0.355,0.331
Greece,GRC,1980,0.446,0.355
Greece,GRC,1981,0.471,0.446
Greece,GRC,1982,0.419,0.471
Greece,GRC,1983,0.412,0.419
Greece,GRC,1984,0.409,0.412
Greece,GRC,1985,0.404,0.409
Greece,GRC,1986,0.427,0.404
Greece,GRC,1987,0.423,0.427
Greece,GRC,1988,0.396,0.423
Greece,GRC,1989,0.408,0.396
Greece,GRC,1990,0.401,0.408
Greece,GRC,1991,0.386,0.401
Greece,GRC,1992,0.388,0.386
Greece,GRC,1993,0.37,0.388
Greece,GRC,1994,0.362,0.37
Greece,GRC,1995,0.371,0.362
Greece,GRC,1996,0.375,0.371
Greece,GRC,1997,0.393,0.375
Greece,GRC,1998,0.423,0.393
Greece,GRC,1999,0.474,0.423
Greece,GRC,2000,0.584,0.474
Greece,GRC,2001,0.561,0.584
Greece,GRC,2002,0.503,0.561
Greece,GRC,2003,0.482,0.503
Greece,GRC,2004,0.499,0.482
Greece,GRC,2005,0.509,0.499
Greece,GRC,2006,0.529,0.509
Greece,GRC,2007,0.575,0.529
Greece,GRC,2008,0.593,0.575
Greece,GRC,2009,0.477,0.593
Greece,GRC,2010,0.512,0.477
Greece,GRC,2011,0.568,0.512
Greece,GRC,2012,0.621,0.568
Greece,GRC,2013,0.629,0.621
Greece,GRC,2014,0.665,0.629
Greece,GRC,2015,0.653,0.665
Greece,GRC,2016,0.64,0.653
Greece,GRC,2017,0.716,0.64
Greece,GRC,2018,0.802,0.716
Greece,GRC,2019,0.819,0.802
Greece,GRC,2020,0.717,0.819
Greece,GRC,2021,0.895,0.717
Croatia,HRV,1996,0.671,0.628
Croatia,HRV,1997,0.749,0.671
Croatia,HRV,1998,0.65,0.749
Croatia,HRV,1999,0.663,0.65
Croatia,HRV,2000,0.746,0.663
Croatia,HRV,2001,0.794,0.746
Croatia,HRV,2002,0.811,0.794
Croatia,HRV,2003,0.815,0.811
Croatia,HRV,2004,0.816,0.815
Croatia,HRV,2005,0.814,0.816
Croatia,HRV,2006,0.836,0.814
Croatia,HRV,2007,0.834,0.836
Croatia,HRV,2008,0.822,0.834
Croatia,HRV,2009,0.701,0.822
Croatia,HRV,2010,0.73,0.701
Croatia,HRV,2011,0.781,0.73
Croatia,HRV,2012,0.795,0.781
Croatia,HRV,2013,0.815,0.795
Croatia,HRV,2014,0.858,0.815
Croatia,HRV,2015,0.912,0.858
Croatia,HRV,2016,0.926,0.912
Croatia,HRV,2017,0.976,0.926
Croatia,HRV,2018,0.997,0.976
Croatia,HRV,2019,1.016,0.997
Croatia,HRV,2020,0.9,1.016
Croatia,HRV,2021,1.04,0.9
Hungary,HUN,1992,0.554,0.584
Hungary,HUN,1993,0.536,0.554
Hungary,HUN,1994,0.565,0.536
Hungary,HUN,1995,0.784,0.565
Hungary,HUN,1996,0.833,0.784
Hungary,HUN,1997,0.948,0.833
Hungary,HUN,1998,1.074,0.948
Hungary,HUN,1999,1.14,1.074
Hungary,HUN,2000,1.374,1.14
Hungary,HUN,2001,1.31,1.374
Hungary,HUN,2002,1.183,1.31
Hungary,HUN,2003,1.166,1.183
Hungary,HUN,2004,1.234,1.166
Hungary,HUN,2005,1.278,1.234
Hungary,HUN,2006,1.49,1.278
Hungary,HUN,2007,1.555,1.49
Hungary,HUN,2008,1.583,1.555
Hungary,HUN,2009,1.45,1.583
Hungary,HUN,2010,1.575,1.45
Hungary,HUN,2011,1.664,1.575
Hungary,HUN,2012,1.656,1.664
Hungary,HUN,2013,1.643,1.656
Hungary,HUN,2014,1.684,1.643
Hungary,HUN,2015,1.673,1.684
Hungary,HUN,2016,1.644,1.673
Hungary,HUN,2017,1.652,1.644
Hungary,HUN,2018,1.633,1.652
Hungary,HUN,2019,1.608,1.633
Hungary,HUN,2020,1.555,1.608
Hungary,HUN,2021,1.628,1.555
Ireland,IRL,1971,0.722,0.744
Ireland,IRL,1972,0.676,0.722
Ireland,IRL,1973,0.752,0.676
Ireland,IRL,1974,0.907,0.752
Ireland,IRL,1975,0.83,0.907
Ireland,IRL,1976,0.912,0.83
Ireland,IRL,1977,0.98,0.912
Ireland,IRL,1978,0.997,0.98
Ireland,IRL,1979,1.053,0.997
Ireland,IRL,1980,1.023,1.053
Ireland,IRL,1981,1.01,1.023
Ireland,IRL,1982,0.94,1.01
Ireland,IRL,1983,0.977,0.94
Ireland,IRL,1984,1.083,0.977
Ireland,IRL,1985,1.078,1.083
Ireland,IRL,1986,0.971,1.078
Ireland,IRL,1987,1.007,0.971
Ireland,IRL,1988,1.052,1.007
Ireland,IRL,1989,1.125,1.052
Ireland,IRL,1990,1.05,1.125
Ireland,IRL,1991,1.064,1.05
Ireland,IRL,1992,1.095,1.064
Ireland,IRL,1993,1.166,1.095
Ireland,IRL,1994,1.265,1.166
Ireland,IRL,1995,1.361,1.265
Ireland,IRL,1996,1.389,1.361
Ireland,IRL,1997,1.423,1.389
Ireland,IRL,1998,1.578,1.423
Ireland,IRL,1999,1.599,1.578
Ireland,IRL,2000,1.75,1.599
Ireland,IRL,2001,1.748,1.75
Ireland,IRL,2002,1.637,1.748
Ireland,IRL,2003,1.465,1.637
Ireland,IRL,2004,1.466,1.465
Ireland,IRL,2005,1.482,1.466
Ireland,IRL,2006,1.5,1.482
Ireland,IRL,2007,1.534,1.5
Ireland,IRL,2008,1.6,1.534
Ireland,IRL,2009,1.736,1.6
Ireland,IRL,2010,1.899,1.736
Ireland,IRL,2011,1.878,1.899
Ireland,IRL,2012,1.914,1.878
Ireland,IRL,2013,1.892,1.914
Ireland,IRL,2014,2.022,1.892
Ireland,IRL,2015,2.154,2.022
Ireland,IRL,2016,2.277,2.154
Ireland,IRL,2017,2.2,2.277
Ireland,IRL,2018,2.171,2.2
Ireland,IRL,2019,2.522,2.171
Ireland,IRL,2020,2.478,2.522
Ireland,IRL,2021,2.294,2.478
Italy,ITA,1971,0.304,0.301
Italy,ITA,1972,0.318,0.304
Italy,ITA,1973,0.341,0.318
Italy,ITA,1974,0.408,0.341
Italy,ITA,1975,0.374,0.408
Italy,ITA,1976,0.412,0.374
Italy,ITA,1977,0.418,0.412
Italy,ITA,1978,0.413,0.418
Italy,ITA,1979,0.437,0.413
Italy,ITA,1980,0.43,0.437
Italy,ITA,1981,0.453,0.43
Italy,ITA,1982,0.435,0.453
Italy,ITA,1983,0.402,0.435
Italy,ITA,1984,0.424,0.402
Italy,ITA,1985,0.426,0.424
Italy,ITA,1986,0.362,0.426
Italy,ITA,1987,0.356,0.362
Italy,ITA,1988,0.351,0.356
Italy,ITA,1989,0.371,0.351
Italy,ITA,1990,0.363,0.371
Italy,ITA,1991,0.339,0.363
Italy,ITA,1992,0.349,0.339
Italy,ITA,1993,0.378,0.349
Italy,ITA,1994,0.405,0.378
Italy,ITA,1995,0.457,0.405
Italy,ITA,1996,0.429,0.457
Italy,ITA,1997,0.446,0.429
Italy,ITA,1998,0.451,0.446
Italy,ITA,1999,0.446,0.451
Italy,ITA,2000,0.504,0.446
Italy,ITA,2001,0.5,0.504
Italy,ITA,2002,0.481,0.5
Italy,ITA,2003,0.461,0.481
Italy,ITA,2004,0.474,0.461
Italy,ITA,2005,0.493,0.474
Italy,ITA,2006,0.532,0.493
Italy,ITA,2007,0.551,0.532
Italy,ITA,2008,0.545,0.551
Italy,ITA,2009,0.454,0.545
Italy,ITA,2010,0.52,0.454
Italy,ITA,2011,0.551,0.52
Italy,ITA,2012,0.557,0.551
Italy,ITA,2013,0.549,0.557
Italy,ITA,2014,0.553,0.549
Italy,ITA,2015,0.564,0.553
Italy,ITA,2016,0.554,0.564
Italy,ITA,2017,0.586,0.554
Italy,ITA,2018,0.603,0.586
Italy,ITA,2019,0.599,0.603
Italy,ITA,2020,0.553,0.599
Italy,ITA,2021,0.63,0.553
Lithuania,LTU,1996,0.932,0.85
Lithuania,LTU,1997,1,0.932
Lithuania,LTU,1998,0.897,1
Lithuania,LTU,1999,0.748,0.897
Lithuania,LTU,2000,0.834,0.748
Lithuania,LTU,2001,0.937,0.834
Lithuania,LTU,2002,1.005,0.937
Lithuania,LTU,2003,0.982,1.005
Lithuania,LTU,2004,1.046,0.982
Lithuania,LTU,2005,1.175,1.046
Lithuania,LTU,2006,1.243,1.175
Lithuania,LTU,2007,1.164,1.243
Lithuania,LTU,2008,1.268,1.164
Lithuania,LTU,2009,1.053,1.268
Lithuania,LTU,2010,1.299,1.053
Lithuania,LTU,2011,1.484,1.299
Lithuania,LTU,2012,1.558,1.484
Lithuania,LTU,2013,1.559,1.558
Lithuania,LTU,2014,1.427,1.559
Lithuania,LTU,2015,1.386,1.427
Lithuania,LTU,2016,1.345,1.386
Lithuania,LTU,2017,1.449,1.345
Lithuania,LTU,2018,1.486,1.449
Lithuania,LTU,2019,1.493,1.486
Lithuania,LTU,2020,1.372,1.493
Lithuania,LTU,2021,1.565,1.372
Luxembourg,LUX,1971,1.682,1.608
Luxembourg,LUX,1972,1.557,1.682
Luxembourg,LUX,1973,1.621,1.557
Luxembourg,LUX,1974,1.801,1.621
Luxembourg,LUX,1975,1.761,1.801
Luxembourg,LUX,1976,1.662,1.761
Luxembourg,LUX,1977,1.654,1.662
Luxembourg,LUX,1978,1.619,1.654
Luxembourg,LUX,1979,1.733,1.619
Luxembourg,LUX,1980,1.731,1.733
Luxembourg,LUX,1981,1.715,1.731
Luxembourg,LUX,1982,1.749,1.715
Luxembourg,LUX,1983,1.756,1.749
Luxembourg,LUX,1984,1.954,1.756
Luxembourg,LUX,1985,2.066,1.954
Luxembourg,LUX,1986,1.885,2.066
Luxembourg,LUX,1987,1.874,1.885
Luxembourg,LUX,1988,1.889,1.874
Luxembourg,LUX,1989,1.91,1.889
Luxembourg,LUX,1990,1.878,1.91
Luxembourg,LUX,1991,1.887,1.878
Luxembourg,LUX,1992,1.825,1.887
Luxembourg,LUX,1993,1.814,1.825
Luxembourg,LUX,1994,1.858,1.814
Luxembourg,LUX,1995,1.895,1.858
Luxembourg,LUX,1996,1.956,1.895
Luxembourg,LUX,1997,2.121,1.956
Luxembourg,LUX,1998,2.366,2.121
Luxembourg,LUX,1999,2.399,2.366
Luxembourg,LUX,2000,2.724,2.399
Luxembourg,LUX,2001,2.708,2.724
Luxembourg,LUX,2002,2.507,2.708
Luxembourg,LUX,2003,2.45,2.507
Luxembourg,LUX,2004,2.652,2.45
Luxembourg,LUX,2005,2.841,2.652
Luxembourg,LUX,2006,3.059,2.841
Luxembourg,LUX,2007,3.075,3.059
Luxembourg,LUX,2008,2.922,3.075
Luxembourg,LUX,2009,2.635,2.922
Luxembourg,LUX,2010,2.937,2.635
Luxembourg,LUX,2011,3.087,2.937
Luxembourg,LUX,2012,3.118,3.087
Luxembourg,LUX,2013,3.205,3.118
Luxembourg,LUX,2014,3.334,3.205
Luxembourg,LUX,2015,3.511,3.334
Luxembourg,LUX,2016,3.484,3.511
Luxembourg,LUX,2017,3.538,3.484
Luxembourg,LUX,2018,3.624,3.538
Luxembourg,LUX,2019,3.778,3.624
Luxembourg,LUX,2020,3.652,3.778
Luxembourg,LUX,2021,3.881,3.652
Latvia,LVA,1996,0.898,0.739
Latvia,LVA,1997,0.884,0.898
Latvia,LVA,1998,0.906,0.884
Latvia,LVA,1999,0.799,0.906
Latvia,LVA,2000,0.815,0.799
Latvia,LVA,2001,0.864,0.815
Latvia,LVA,2002,0.832,0.864
Latvia,LVA,2003,0.846,0.832
Latvia,LVA,2004,0.931,0.846
Latvia,LVA,2005,1.002,0.931
Latvia,LVA,2006,1.001,1.002
Latvia,LVA,2007,0.956,1.001
Latvia,LVA,2008,0.912,0.956
Latvia,LVA,2009,0.864,0.912
Latvia,LVA,2010,1.086,0.864
Latvia,LVA,2011,1.255,1.086
Latvia,LVA,2012,1.282,1.255
Latvia,LVA,2013,1.252,1.282
Latvia,LVA,2014,1.252,1.252
Latvia,LVA,2015,1.223,1.252
Latvia,LVA,2016,1.189,1.223
Latvia,LVA,2017,1.238,1.189
Latvia,LVA,2018,1.236,1.238
Latvia,LVA,2019,1.203,1.236
Latvia,LVA,2020,1.188,1.203
Latvia,LVA,2021,1.304,1.188
Malta,MLT,1971,1.144,1.155
Malta,MLT,1972,1.14,1.144
Malta,MLT,1973,1.338,1.14
Malta,MLT,1974,1.757,1.338
Malta,MLT,1975,1.6,1.757
Malta,MLT,1976,1.619,1.6
Malta,MLT,1977,1.674,1.619
Malta,MLT,1978,1.541,1.674
Malta,MLT,1979,1.64,1.541
Malta,MLT,1980,1.673,1.64
Malta,MLT,1981,1.531,1.673
Malta,MLT,1982,1.382,1.531
Malta,MLT,1983,1.335,1.382
Malta,MLT,1984,1.389,1.335
Malta,MLT,1985,1.437,1.389
Malta,MLT,1986,1.382,1.437
Malta,MLT,1987,1.48,1.382
Malta,MLT,1988,1.503,1.48
Malta,MLT,1989,1.546,1.503
Malta,MLT,1990,1.645,1.546
Malta,MLT,1991,1.652,1.645
Malta,MLT,1992,1.705,1.652
Malta,MLT,1993,1.789,1.705
Malta,MLT,1994,1.817,1.789
Malta,MLT,1995,2.586,1.817
Malta,MLT,1996,2.38,2.586
Malta,MLT,1997,2.263,2.38
Malta,MLT,1998,2.254,2.263
Malta,MLT,1999,2.282,2.254
Malta,MLT,2000,2.486,2.282
Malta,MLT,2001,2.215,2.486
Malta,MLT,2002,2.239,2.215
Malta,MLT,2003,2.179,2.239
Malta,MLT,2004,2.126,2.179
Malta,MLT,2005,2.176,2.126
Malta,MLT,2006,2.538,2.176
Malta,MLT,2007,2.623,2.538
Malta,MLT,2008,2.988,2.623
Malta,MLT,2009,2.95,2.988
Malta,MLT,2010,3.018,2.95
Malta,MLT,2011,3.197,3.018
Malta,MLT,2012,3.227,3.197
Malta,MLT,2013,3.043,3.227
Malta,MLT,2014,2.876,3.043
Malta,MLT,2015,2.995,2.876
Malta,MLT,2016,3.03,2.995
Malta,MLT,2017,2.908,3.03
Malta,MLT,2018,2.73,2.908
Malta,MLT,2019,2.753,2.73
Malta,MLT,2020,2.915,2.753
Malta,MLT,2021,2.877,2.915
Netherlands,NLD,1970,0.864,0.809
Netherlands,NLD,1971,0.854,0.864
Netherlands,NLD,1972,0.827,0.854
Netherlands,NLD,1973,0.862,0.827
Netherlands,NLD,1974,0.96,0.862
Netherlands,NLD,1975,0.904,0.96
Netherlands,NLD,1976,0.928,0.904
Netherlands,NLD,1977,0.897,0.928
Netherlands,NLD,1978,0.864,0.897
Netherlands,NLD,1979,0.945,0.864
Netherlands,NLD,1980,0.998,0.945
Netherlands,NLD,1981,1.049,0.998
Netherlands,NLD,1982,1.045,1.049
Netherlands,NLD,1983,1.048,1.045
Netherlands,NLD,1984,1.105,1.048
Netherlands,NLD,1985,1.145,1.105
Netherlands,NLD,1986,0.971,1.145
Netherlands,NLD,1987,0.957,0.971
Netherlands,NLD,1988,1,0.957
Netherlands,NLD,1989,1.06,1
Netherlands,NLD,1990,1.04,1.06
Netherlands,NLD,1991,1.051,1.04
Netherlands,NLD,1992,1.02,1.051
Netherlands,NLD,1993,0.989,1.02
Netherlands,NLD,1994,1.03,0.989
Netherlands,NLD,1995,1.078,1.03
Netherlands,NLD,1996,1.087,1.078
Netherlands,NLD,1997,1.143,1.087
Netherlands,NLD,1998,1.126,1.143
Netherlands,NLD,1999,1.144,1.126
Netherlands,NLD,2000,1.255,1.144
Netherlands,NLD,2001,1.2,1.255
Netherlands,NLD,2002,1.135,1.2
Netherlands,NLD,2003,1.119,1.135
Netherlands,NLD,2004,1.176,1.119
Netherlands,NLD,2005,1.228,1.176
Netherlands,NLD,2006,1.278,1.228
Netherlands,NLD,2007,1.305,1.278
Netherlands,NLD,2008,1.311,1.305
Netherlands,NLD,2009,1.169,1.311
Netherlands,NLD,2010,1.315,1.169
Netherlands,NLD,2011,1.425,1.315
Netherlands,NLD,2012,1.493,1.425
Netherlands,NLD,2013,1.495,1.493
Netherlands,NLD,2014,1.501,1.495
Netherlands,NLD,2015,1.578,1.501
Netherlands,NLD,2016,1.489,1.578
Netherlands,NLD,2017,1.56,1.489
Netherlands,NLD,2018,1.588,1.56
Netherlands,NLD,2019,1.553,1.588
Netherlands,NLD,2020,1.465,1.553
Netherlands,NLD,2021,1.557,1.465
Poland,POL,1996,0.456,0.437
Poland,POL,1997,0.505,0.456
Poland,POL,1998,0.567,0.505
Poland,POL,1999,0.541,0.567
Poland,POL,2000,0.609,0.541
Poland,POL,2001,0.582,0.609
Poland,POL,2002,0.61,0.582
Poland,POL,2003,0.694,0.61
Poland,POL,2004,0.714,0.694
Poland,POL,2005,0.705,0.714
Poland,POL,2006,0.78,0.705
Poland,POL,2007,0.808,0.78
Poland,POL,2008,0.809,0.808
Poland,POL,2009,0.753,0.809
Poland,POL,2010,0.826,0.753
Poland,POL,2011,0.873,0.826
Poland,POL,2012,0.893,0.873
Poland,POL,2013,0.908,0.893
Poland,POL,2014,0.926,0.908
Poland,POL,2015,0.928,0.926
Poland,POL,2016,0.975,0.928
Poland,POL,2017,1.013,0.975
Poland,POL,2018,1.035,1.013
Poland,POL,2019,1.027,1.035
Poland,POL,2020,1.003,1.027
Poland,POL,2021,1.124,1.003
Portugal,PRT,1971,0.447,0.432
Portugal,PRT,1972,0.462,0.447
Portugal,PRT,1973,0.472,0.462
Portugal,PRT,1974,0.539,0.472
Portugal,PRT,1975,0.415,0.539
Portugal,PRT,1976,0.377,0.415
Portugal,PRT,1977,0.405,0.377
Portugal,PRT,1978,0.411,0.405
Portugal,PRT,1979,0.507,0.411
Portugal,PRT,1980,0.542,0.507
Portugal,PRT,1981,0.556,0.542
Portugal,PRT,1982,0.558,0.556
Portugal,PRT,1983,0.589,0.558
Portugal,PRT,1984,0.644,0.589
Portugal,PRT,1985,0.615,0.644
Portugal,PRT,1986,0.54,0.615
Portugal,PRT,1987,0.596,0.54
Portugal,PRT,1988,0.632,0.596
Portugal,PRT,1989,0.649,0.632
Portugal,PRT,1990,0.651,0.649
Portugal,PRT,1991,0.604,0.651
Portugal,PRT,1992,0.563,0.604
Portugal,PRT,1993,0.542,0.563
Portugal,PRT,1994,0.572,0.542
Portugal,PRT,1995,0.599,0.572
Portugal,PRT,1996,0.602,0.599
Portugal,PRT,1997,0.623,0.602
Portugal,PRT,1998,0.638,0.623
Portugal,PRT,1999,0.633,0.638
Portugal,PRT,2000,0.675,0.633
Portugal,PRT,2001,0.651,0.675
Portugal,PRT,2002,0.623,0.651
Portugal,PRT,2003,0.611,0.623
Portugal,PRT,2004,0.632,0.611
Portugal,PRT,2005,0.629,0.632
Portugal,PRT,2006,0.685,0.629
Portugal,PRT,2007,0.699,0.685
Portugal,PRT,2008,0.721,0.699
Portugal,PRT,2009,0.615,0.721
Portugal,PRT,2010,0.678,0.615
Portugal,PRT,2011,0.731,0.678
Portugal,PRT,2012,0.761,0.731
Portugal,PRT,2013,0.781,0.761
Portugal,PRT,2014,0.803,0.781
Portugal,PRT,2015,0.805,0.803
Portugal,PRT,2016,0.793,0.805
Portugal,PRT,2017,0.844,0.793
Portugal,PRT,2018,0.864,0.844
Portugal,PRT,2019,0.866,0.864
Portugal,PRT,2020,0.762,0.866
Portugal,PRT,2021,0.862,0.762
Romania,ROU,1991,0.391,0.429
Romania,ROU,1992,0.64,0.391
Romania,ROU,1993,0.51,0.64
Romania,ROU,1994,0.519,0.51
Romania,ROU,1995,0.563,0.519
Romania,ROU,1996,0.608,0.563
Romania,ROU,1997,0.632,0.608
Romania,ROU,1998,0.538,0.632
Romania,ROU,1999,0.58,0.538
Romania,ROU,2000,0.485,0.58
Romania,ROU,2001,0.519,0.485
Romania,ROU,2002,0.537,0.519
Romania,ROU,2003,0.562,0.537
Romania,ROU,2004,0.606,0.562
Romania,ROU,2005,0.594,0.606
Romania,ROU,2006,0.617,0.594
Romania,ROU,2007,0.635,0.617
Romania,ROU,2008,0.652,0.635
Romania,ROU,2009,0.585,0.652
Romania,ROU,2010,0.698,0.585
Romania,ROU,2011,0.761,0.698
Romania,ROU,2012,0.765,0.761
Romania,ROU,2013,0.814,0.765
Romania,ROU,2014,0.834,0.814
Romania,ROU,2015,0.835,0.834
Romania,ROU,2016,0.859,0.835
Romania,ROU,2017,0.872,0.859
Romania,ROU,2018,0.865,0.872
Romania,ROU,2019,0.845,0.865
Romania,ROU,2020,0.781,0.845
Romania,ROU,2021,0.874,0.781
Slovakia,SVK,1991,0.878,0.572
Slovakia,SVK,1992,1.331,0.878
Slovakia,SVK,1993,1.122,1.331
Slovakia,SVK,1994,1.084,1.122
Slovakia,SVK,1995,1.086,1.084
Slovakia,SVK,1996,1.118,1.086
Slovakia,SVK,1997,1.176,1.118
Slovakia,SVK,1998,1.021,1.176
Slovakia,SVK,1999,0.975,1.021
Slovakia,SVK,2000,1.088,0.975
Slovakia,SVK,2001,1.217,1.088
Slovakia,SVK,2002,1.204,1.217
Slovakia,SVK,2003,1.251,1.204
Slovakia,SVK,2004,1.397,1.251
Slovakia,SVK,2005,1.477,1.397
Slovakia,SVK,2006,1.646,1.477
Slovakia,SVK,2007,1.663,1.646
Slovakia,SVK,2008,1.621,1.663
Slovakia,SVK,2009,1.362,1.621
Slovakia,SVK,2010,1.535,1.362
Slovakia,SVK,2011,1.68,1.535
Slovakia,SVK,2012,1.762,1.68
Slovakia,SVK,2013,1.814,1.762
Slovakia,SVK,2014,1.78,1.814
Slovakia,SVK,2015,1.802,1.78
Slovakia,SVK,2016,1.84,1.802
Slovakia,SVK,2017,1.881,1.84
Slovakia,SVK,2018,1.898,1.881
Slovakia,SVK,2019,1.835,1.898
Slovakia,SVK,2020,1.685,1.835
Slovakia,SVK,2021,1.878,1.685
Slovenia,SVN,1996,0.935,0.931
Slovenia,SVN,1997,0.963,0.935
Slovenia,SVN,1998,0.967,0.963
Slovenia,SVN,1999,0.925,0.967
Slovenia,SVN,2000,1.039,0.925
Slovenia,SVN,2001,1.045,1.039
Slovenia,SVN,2002,1.037,1.045
Slovenia,SVN,2003,1.023,1.037
Slovenia,SVN,2004,1.116,1.023
Slovenia,SVN,2005,1.203,1.116
Slovenia,SVN,2006,1.298,1.203
Slovenia,SVN,2007,1.371,1.298
Slovenia,SVN,2008,1.347,1.371
Slovenia,SVN,2009,1.131,1.347
Slovenia,SVN,2010,1.275,1.131
Slovenia,SVN,2011,1.393,1.275
Slovenia,SVN,2012,1.424,1.393
Slovenia,SVN,2013,1.438,1.424
Slovenia,SVN,2014,1.455,1.438
Slovenia,SVN,2015,1.463,1.455
Slovenia,SVN,2016,1.467,1.463
Slovenia,SVN,2017,1.573,1.467
Slovenia,SVN,2018,1.611,1.573
Slovenia,SVN,2019,1.588,1.611
Slovenia,SVN,2020,1.462,1.588
Slovenia,SVN,2021,1.609,1.462
Sweden,SWE,1961,0.403,0.425
Sweden,SWE,1962,0.396,0.403
Sweden,SWE,1963,0.398,0.396
Sweden,SWE,1964,0.404,0.398
Sweden,SWE,1965,0.406,0.404
Sweden,SWE,1966,0.397,0.406
Sweden,SWE,1967,0.385,0.397
Sweden,SWE,1968,0.395,0.385
Sweden,SWE,1969,0.42,0.395
Sweden,SWE,1970,0.443,0.42
Sweden,SWE,1971,0.432,0.443
Sweden,SWE,1972,0.426,0.432
Sweden,SWE,1973,0.473,0.426
Sweden,SWE,1974,0.592,0.473
Sweden,SWE,1975,0.513,0.592
Sweden,SWE,1976,0.518,0.513
Sweden,SWE,1977,0.513,0.518
Sweden,SWE,1978,0.504,0.513
Sweden,SWE,1979,0.562,0.504
Sweden,SWE,1980,0.559,0.562
Sweden,SWE,1981,0.557,0.559
Sweden,SWE,1982,0.607,0.557
Sweden,SWE,1983,0.643,0.607
Sweden,SWE,1984,0.642,0.643
Sweden,SWE,1985,0.64,0.642
Sweden,SWE,1986,0.582,0.64
Sweden,SWE,1987,0.587,0.582
Sweden,SWE,1988,0.583,0.587
Sweden,SWE,1989,0.59,0.583
Sweden,SWE,1990,0.558,0.59
Sweden,SWE,1991,0.511,0.558
Sweden,SWE,1992,0.508,0.511
Sweden,SWE,1993,0.581,0.508
Sweden,SWE,1994,0.638,0.581
Sweden,SWE,1995,0.686,0.638
Sweden,SWE,1996,0.665,0.686
Sweden,SWE,1997,0.72,0.665
Sweden,SWE,1998,0.743,0.72
Sweden,SWE,1999,0.749,0.743
Sweden,SWE,2000,0.815,0.749
Sweden,SWE,2001,0.806,0.815
Sweden,SWE,2002,0.772,0.806
Sweden,SWE,2003,0.752,0.772
Sweden,SWE,2004,0.786,0.752
Sweden,SWE,2005,0.838,0.786
Sweden,SWE,2006,0.882,0.838
Sweden,SWE,2007,0.892,0.882
Sweden,SWE,2008,0.926,0.892
Sweden,SWE,2009,0.815,0.926
Sweden,SWE,2010,0.842,0.815
Sweden,SWE,2011,0.858,0.842
Sweden,SWE,2012,0.853,0.858
Sweden,SWE,2013,0.808,0.853
Sweden,SWE,2014,0.829,0.808
Sweden,SWE,2015,0.837,0.829
Sweden,SWE,2016,0.823,0.837
Sweden,SWE,2017,0.849,0.823
Sweden,SWE,2018,0.891,0.849
Sweden,SWE,2019,0.914,0.891
Sweden,SWE,2020,0.832,0.914
Sweden,SWE,2021,0.867,0.832
Austria,AUT,1970,0.549,
Belgium,BEL,1970,0.877,
Bulgaria,BGR,1980,0.664,
Cyprus,CYP,1975,0.922,
Czechia,CZE,1990,0.635,
Germany,DEU,1970,0.317,
Denmark,DNK,1966,0.577,
Spain,ESP,1970,0.258,
Estonia,EST,1995,1.391,
Finland,FIN,1970,0.494,
France,FRA,1960,0.272,
Greece,GRC,1960,0.245,
Croatia,HRV,1995,0.628,
Hungary,HUN,1991,0.584,
Ireland,IRL,1970,0.744,
Italy,ITA,1970,0.301,
Lithuania,LTU,1995,0.85,
Luxembourg,LUX,1970,1.608,
Latvia,LVA,1995,0.739,
Malta,MLT,1970,1.155,
Netherlands,NLD,1969,0.809,
Poland,POL,1995,0.437,
Portugal,PRT,1970,0.432,
Romania,ROU,1990,0.429,
Slovakia,SVK,1990,0.572,
Slovenia,SVN,1995,0.931,
Sweden,SWE,1960,0.425,
